,Material_,year_,PKT real_sum,StandardDeviation_mean
0,2109092,2022,6846,14.761206812819196
1,2109092,2023,9108,14.761206812819195
2,2109092,2024,1696,14.761206812819196
3,2109784,2022,10484,14.36209939477807
4,2109784,2023,9539,14.36209939477807
5,2109784,2024,1357,14.36209939477807
6,2143050,2022,51638,36.312491812332354
7,2143050,2023,49250,36.312491812332354
8,2143050,2024,5034,36.312491812332354
9,2171451,2022,23239,337.1991286578967
10,2171451,2023,6864,337.1991286578967
11,2171451,2024,576,337.1991286578967
12,2171452,2022,23478,364.49089410257085
13,2171452,2023,10464,364.49089410257085
14,2171452,2024,672,364.49089410257085
15,2172619,2022,975,44.017042154147525
16,2176017,2022,180698,104.91252237842879
17,2176017,2023,65600,104.91252237842879
18,2184527,2022,16080,10.975178606954215
19,2185709,2024,1470,0.0
20,2186473,2022,126102,61.51716211795322
21,2186473,2023,127649,61.51716211795321
22,2186473,2024,14633,61.51716211795322
23,2186474,2022,162900,55.96820579196756
24,2186474,2023,141052,55.96820579196756
25,2186474,2024,16011,55.96820579196756
26,2186475,2022,104679,55.26219208316014
27,2186475,2023,90684,55.262192083160144
28,2186475,2024,10315,55.26219208316014
29,2186793,2022,2090,9.080468817403844
30,2186793,2023,2075,9.080468817403844
31,2186793,2024,190,9.080468817403844
32,2186815,2022,243,10.243307516067114
33,2186815,2023,342,10.243307516067114
34,2186815,2024,27,10.243307516067114
35,2186816,2022,247,12.8628361100253
36,2186816,2023,347,12.8628361100253
37,2186816,2024,38,12.8628361100253
38,2186878,2022,97075,158.0775563703462
39,2188266,2022,32404,59.836029883736266
40,2188267,2022,3920,9.372037698871702
41,2188268,2022,12189,20.72030373478027
42,2188269,2022,8525,11.227181606604043
43,2188270,2022,33423,61.99087449054619
44,2188271,2022,11329,31.260992434086855
45,2188272,2022,789,5.388781656546819
46,2188273,2022,5904,9.399583514676918
47,2188274,2022,10685,21.911443670449277
48,2188275,2022,4267,9.549203682501469
49,2188277,2022,3933,7.079031067463645
50,2188278,2022,1980,7.842449203151368
51,2188312,2022,24826,99.86628207093145
52,2188313,2022,23340,98.16675836911601
53,2188316,2022,328105,36.199479262146504
54,2188317,2022,8170,64.32808175363307
55,2188348,2022,25633,31.604344331834533
56,2188624,2022,10616,76.42076029770266
57,2188625,2022,712,29.518529599957883
58,2189036,2022,87399,36.7023013456848
59,2189036,2023,77602,36.7023013456848
60,2189036,2024,9119,36.7023013456848
61,2189063,2022,126,3.8775565456472254
62,2189063,2023,913,3.8775565456472254
63,2189063,2024,159,3.8775565456472254
64,2189455,2022,203370,104.25629265199123
65,2189456,2022,92467,70.54715723370202
66,2189457,2022,93444,70.64621131132141
67,2189672,2022,159750,0.0
68,2189674,2022,311250,0.0
69,2189676,2022,55050,4.20084025208402
70,2189677,2022,47252,154.51917005033218
71,2189678,2022,33027,205.32800809702243
72,2189693,2022,87375,0.22577649472849604
73,2189693,2023,81050,0.22577649472849604
74,2189693,2024,9240,0.22577649472849604
75,2189695,2022,37470,394.91214064845894
76,2189696,2022,72900,111.01160562662407
77,2190006,2022,31360,0.0
78,2190361,2022,35983,44.292451786690165
79,2190362,2022,19795,52.97293623400629
80,2190363,2022,37201,186.0840259994194
81,2190364,2022,156670,189.2211219704961
82,2190365,2022,153254,265.4669516518674
83,2190366,2022,22010,90.50427838302735
84,2190367,2022,30544,106.92635722422087
85,2190369,2022,3975,11.344034566621039
86,2190372,2022,86558,157.19051202850184
87,2190373,2022,51110,91.07637385677691
88,2190374,2022,2,
89,2190375,2022,4173,13.640975297543545
90,2190376,2022,14388,21.217045893982917
91,2190380,2022,19416,53.94935113818185
92,2190381,2022,25137,56.985990820256035
93,2190382,2022,23106,48.92523536412741
94,2190383,2022,22646,24.2886182758701
95,2190384,2022,140016,244.3331162648753
96,2190385,2022,193934,291.9631612911073
97,2190386,2022,470385,389.75749210761853
98,2190387,2022,111467,190.43836821131353
99,2190389,2022,66183,121.78427031717875
100,2190390,2022,246494,328.2994253484345
101,2190391,2022,61696,330.60558507826414
102,2190392,2022,29161,52.88839014338708
103,2190393,2022,31478,56.71400796720379
104,2190394,2022,43134,93.68901382263664
105,2190395,2022,129458,196.14523904149007
106,2190396,2022,1287,12.74552757960386
107,2190397,2022,6486,16.28717079053841
108,2190398,2022,5688,38.06489179013374
109,2190399,2022,29167,134.32105805218686
110,2190400,2022,4107,12.00839249150473
111,2190402,2022,10720,45.01989694178542
112,2190403,2022,6825,44.17874307977951
113,2190405,2022,3612,13.48236734587112
114,2190406,2022,138695,190.0373442321686
115,2190407,2022,45322,80.3268244123601
116,2190408,2022,38351,65.06226983280366
117,2190409,2022,164617,282.8332888565112
118,2190410,2022,10927,20.780858366348482
119,2190460,2022,38552,76.22934970748469
120,2190461,2022,52936,127.37104937197773
121,2190462,2022,5750,37.64119318869613
122,2190463,2022,94116,189.98300270492325
123,2190464,2022,30259,137.1190558443261
124,2190466,2022,49269,79.35993414019204
125,2190467,2022,2167,11.861798937066071
126,2190468,2022,5433,10.988416172824481
127,2190469,2022,28153,33.232073323414745
128,2190470,2022,20856,92.26842183176002
129,2190471,2022,47839,123.63851920492525
130,2190472,2022,1644,42.498176091661946
131,2190473,2022,56491,146.33302547211227
132,2190474,2022,45853,101.22811868128825
133,2190476,2022,48726,45.26848568707688
134,2190477,2022,2230,10.896973687462612
135,2190478,2022,4728,13.57206726976633
136,2190480,2022,11092,114.98845450501749
137,2190482,2022,5665,75.98080873955666
138,2190484,2022,991,13.457546972985037
139,2190634,2022,6295,16.511635664489084
140,2190697,2022,102300,150.27775094441907
141,2190698,2022,165240,254.35662958271723
142,2190699,2022,127850,125.75994937396611
143,2190700,2022,31125,119.84280565675618
144,2190701,2022,38249,159.77016020802913
145,2190702,2022,84240,181.2364570520351
146,2190703,2022,107400,35.55711697207468
147,2190704,2022,26124,110.05003771904846
148,2190705,2022,33300,0.0
149,2190706,2022,49500,0.0
150,2190707,2022,27000,0.0
151,2190708,2022,36780,18.74085142663271
152,2190709,2022,26100,0.0
153,2190710,2022,71250,0.0
154,2190711,2022,23700,53.03300858899106
155,2190712,2022,41400,0.0
156,2190713,2022,28800,0.0
157,2190792,2022,983,6.0913867171904945
158,2190797,2022,4379,29.800935630990384
159,2190800,2022,439,6.43447999379845
160,2190806,2022,21134,79.43257590563401
161,2190807,2022,44745,237.97254805634392
162,2190808,2022,6064,30.78258914366401
163,2190809,2022,2410,17.935529715721206
164,2191117,2022,638186,78.25821448471173
165,2191117,2023,594823,78.25821448471173
166,2191117,2024,70194,78.25821448471173
167,2191118,2022,415323,72.78914880243934
168,2191118,2023,314390,72.78914880243934
169,2191119,2022,263465,55.90604523233294
170,2191119,2023,208329,55.90604523233294
171,2191120,2022,115393,37.411679541536806
172,2191120,2023,61394,37.411679541536806
173,2191121,2022,120866,34.82468569094212
174,2191121,2023,44021,34.82468569094212
175,2191122,2022,231251,56.47169089633856
176,2191122,2023,24,56.47169089633856
177,2191123,2022,289064,59.24274492775514
178,2191124,2022,38675,3.812464258315121
179,2191126,2022,23130,234.95440287121977
180,2191464,2022,8487,26.92917748435858
181,2191465,2022,30564,33.75478272499858
182,2192018,2022,91500,0.0
183,2192639,2022,24681,62.16225416111698
184,2192644,2022,27355,53.67283719617173
185,2192645,2022,9013,30.01051351484234
186,2193064,2022,385,5.6783439261451685
187,2193128,2022,10827,11.037801765987982
188,2193129,2022,2868,17.429811493266577
189,2193130,2022,3588,4.868040819592753
190,2193131,2022,41024,16.194854460523132
191,2193132,2022,16183,11.511712588658662
192,2193133,2022,56651,23.46161558044146
193,2193134,2022,34419,15.304104136850137
194,2193135,2022,11261,7.949579614838578
195,2193136,2022,10403,9.916172312679986
196,2193137,2022,17463,10.222157436520378
197,2193138,2022,16872,11.996818474801662
198,2193139,2022,50812,21.175875598130855
199,2193141,2022,37085,14.562971559650345
200,2193142,2022,39234,16.94273409835792
201,2193143,2022,11035,7.842562631845899
202,2193144,2022,36040,16.004062477345748
203,2193145,2022,28967,9.717372793309497
204,2193147,2022,13676,11.714250450473155
205,2193148,2022,35603,11.654379072795322
206,2193160,2022,34959,13.669810842004216
207,2193344,2022,147130,168.65615522248888
208,2193684,2022,22624,44.41630005726784
209,2193685,2022,16,
210,2193686,2022,6577,21.394103078485255
211,2193898,2022,15790,99.87525049803584
212,2193899,2022,26990,60.11295615658067
213,2193900,2022,3770,19.103557260161555
214,2193901,2022,14860,28.74392825123875
215,2193902,2022,108934,173.31641760802694
216,2193903,2022,32660,56.40432332704871
217,2193904,2022,212807,290.46074481866873
218,2193905,2022,54941,102.6563438910226
219,2193906,2022,33259,49.89693417404038
220,2193907,2022,12900,25.70805119226069
221,2193908,2022,5546,13.569033372597572
222,2193909,2022,32035,75.40073021331114
223,2193910,2022,21212,34.59712530099259
224,2194002,2022,160605,70.25503314870903
225,2194121,2022,81625,95.32294481357151
226,2194122,2022,64125,64.1078399327654
227,2194150,2022,223517,104.22673019699076
228,2194151,2022,66981,63.09563442664049
229,2194157,2022,47302,184.37506189276905
230,2194313,2022,28553,47.88374661316023
231,2194787,2022,453828,466.58990429826565
232,2194789,2022,72490,125.05913955428512
233,2194790,2022,74720,172.32379357039957
234,2194791,2022,49950,83.44242316614977
235,2194792,2022,9671,20.787695019143158
236,2195152,2022,4168,22.21390191311305
237,2195153,2022,93616,113.16321891639548
238,2195154,2022,4959,60.38767876986079
239,2195163,2022,243312,177.7024600106856
240,2195164,2022,196991,89.20980749734437
241,2195266,2022,14465,86.10277151123874
242,2195267,2022,17201,55.6019927845815
243,2195811,2022,25,
244,2195856,2022,1437,32.83374994019317
245,2196091,2022,31229,80.73904222597577
246,2196545,2022,5551,9.942273540932208
247,2196557,2022,31350,25.3546276418555
248,2196558,2022,70471,66.00204789865423
249,2196558,2023,9310,66.00204789865423
250,2196560,2022,136675,44.61542800090606
251,2196560,2023,18910,44.61542800090606
252,2196561,2022,599440,40.059391454661665
253,2196561,2023,93675,40.059391454661665
254,2196605,2022,152520,162.17537656056186
255,2196606,2022,204306,166.04566209701733
256,2196607,2022,63172,75.54787657618303
257,2196608,2022,123744,131.24947060733388
258,2196609,2022,86957,119.33199458431618
259,2196610,2022,82600,109.90334572760217
260,2196641,2022,35614,107.29602783831895
261,2196642,2022,11119,73.12741369039237
262,2196648,2022,187867,264.6828196389333
263,2196649,2022,57584,127.30778226387285
264,2196651,2022,20815,49.51397248668697
265,2196652,2022,13952,27.925819432091043
266,2196653,2022,257840,111.05556433091674
267,2196654,2022,223041,89.46735815792192
268,2196660,2022,103686,75.88494793129063
269,2196661,2022,1022130,302.8492326445022
270,2196667,2022,82976,61.494773926533654
271,2196668,2022,32689,22.673839989834295
272,2196669,2022,34095,19.64318521612113
273,2196670,2022,1030868,219.47507600259553
274,2196670,2023,185582,219.47507600259553
275,2196673,2022,35509,26.880892067010123
276,2196674,2022,121994,89.66703710426921
277,2196675,2022,83254,40.8049049381222
278,2196676,2022,103478,114.27705536208535
279,2196678,2022,28002,29.38876562768117
280,2196679,2022,22380,93.62150100287616
281,2196680,2022,12830,60.83047770066972
282,2196688,2022,148103,62.668850323470295
283,2196689,2022,25552,21.119007556090665
284,2196690,2022,49117,21.804605972921582
285,2196692,2022,46330,13.611535886429266
286,2196693,2022,59400,14.30060461437992
287,2196694,2022,82795,23.49308016110171
288,2196696,2022,147229,61.663050051782584
289,2196697,2022,70125,31.846404110117973
290,2196698,2022,29733,15.20546560225614
291,2196699,2022,42758,20.622844647706454
292,2196700,2022,846704,169.19448170374037
293,2196700,2023,31050,169.19448170374037
294,2196701,2022,2324256,81.10020753451518
295,2196702,2022,224977,144.09478548919913
296,2196702,2023,11325,144.09478548919913
297,2196703,2022,1204921,142.0132390318928
298,2196703,2023,62580,142.0132390318928
299,2196704,2022,300468,61.433212125665555
300,2196704,2023,20750,61.43321212566556
301,2196705,2022,1287698,36.298216021447956
302,2196706,2022,227400,139.14232913333268
303,2196706,2023,17000,139.14232913333268
304,2196707,2022,681181,164.5845176692961
305,2196707,2023,32580,164.5845176692961
306,2196708,2022,234023,168.06981725576307
307,2196708,2023,34350,168.06981725576307
308,2196709,2022,1468942,48.683147804682875
309,2196709,2023,125675,48.68314780468288
310,2196710,2022,2008873,31.10271774824229
311,2196710,2023,158175,31.10271774824229
312,2196711,2022,394952,54.11090861429302
313,2196711,2023,61300,54.11090861429302
314,2196712,2022,356827,71.71985550800784
315,2196712,2023,56275,71.71985550800784
316,2196713,2022,105178,123.40544220112794
317,2196714,2022,29825,132.91140348544434
318,2196715,2022,105750,0.0
319,2196716,2022,31050,127.84957938986783
320,2196717,2022,51300,84.52493484055677
321,2196718,2022,29700,0.0
322,2196719,2022,129750,0.0
323,2196720,2022,22400,150.26857675938214
324,2196721,2022,53580,46.98719623652269
325,2196722,2022,18800,21.82178902359924
326,2196730,2022,100802,9.483983653821104
327,2196732,2022,568232,21.40247133221132
328,2196732,2023,70674,21.40247133221132
329,2196733,2022,1660247,61.75094766958081
330,2196733,2023,261339,61.75094766958081
331,2196734,2022,94060,151.53667104011433
332,2196734,2023,13550,151.53667104011433
333,2196735,2022,6442,193.17876233838547
334,2196736,2022,5489,176.41650090091758
335,2196741,2022,34578,94.30179409486517
336,2196742,2022,55333,136.14318062458747
337,2196743,2022,54934,170.3868054144714
338,2196744,2022,5609,23.25329034398755
339,2196754,2022,48612,56.8724170592208
340,2196756,2022,29394,50.02892796186518
341,2196757,2022,447718,185.1371936573203
342,2196758,2022,454469,177.87237206154154
343,2196840,2022,294769,89.69673065050813
344,2196840,2023,31068,89.69673065050812
345,2196841,2022,165593,96.78745731949041
346,2196874,2022,1889,17.856285591439296
347,2196875,2022,16803,15.886173641857289
348,2196876,2022,10896,18.506588844836006
349,2196924,2022,170427,301.6746830176294
350,2196926,2022,51730,148.0733853473376
351,2196930,2022,295161,336.77166334342655
352,2196931,2022,63071,348.83011781407424
353,2196932,2022,556855,402.8811128062957
354,2196933,2022,29807,155.32298773819758
355,2196937,2022,10573,37.02574403946904
356,2196943,2022,71096,127.46304307729405
357,2196944,2022,137710,210.6359396183505
358,2196951,2022,37566,80.89507301297019
359,2196952,2022,47679,91.51181421326969
360,2196959,2022,229035,499.82062450312134
361,2196963,2022,108286,194.78022486020257
362,2196964,2022,169236,193.57593603834727
363,2196975,2022,771838,78.31118196608936
364,2196975,2023,88930,78.31118196608936
365,2196976,2022,442950,94.468255295151
366,2196976,2023,69450,94.468255295151
367,2197102,2022,24889,38.9006869874532
368,2197123,2022,13310,12.199538456547701
369,2197124,2022,65236,38.116048329826285
370,2197125,2022,13459,11.407875574977819
371,2197129,2022,282724,134.46850328036982
372,2197132,2022,218068,124.2680021859898
373,2197136,2022,5444,18.95652828086929
374,2197137,2022,749,18.849517199189318
375,2197139,2022,6641,25.255851890743045
376,2197140,2022,148332,246.17238541715577
377,2197141,2022,35885,111.37263989343757
378,2197142,2022,9755,116.53187894129839
379,2197143,2022,82522,72.87585162118206
380,2197207,2022,393039,113.87794900446202
381,2197208,2022,668682,186.14694745783467
382,2197209,2022,99409,66.39932665885395
383,2197210,2022,52695,75.78601066040031
384,2197211,2022,19398,69.95277589159292
385,2197377,2022,9132,10.780798845056694
386,2197509,2022,90910,277.7396553051656
387,2197510,2022,42620,384.7881785441037
388,2197614,2022,57382,93.88839929544594
389,2197615,2022,26622,75.0432569165613
390,2197624,2022,29360,45.318940828264985
391,2197764,2022,138966,29.083951265926178
392,2197764,2023,5579,29.08395126592618
393,2197765,2022,206488,34.86912370264758
394,2197765,2023,22,34.86912370264758
395,2197774,2022,61545,32.67652415155464
396,2197774,2023,92,32.67652415155464
397,2197775,2022,405671,124.14535161028637
398,2197776,2023,709,27.814391681562704
399,2197779,2022,13035,68.41171104226528
400,2197780,2022,442394,278.9152542368573
401,2197782,2022,62169,104.71051054870279
402,2197783,2022,109576,63.23444904691993
403,2197784,2022,1413973,216.11077444684
404,2197785,2022,171511,89.26841681239058
405,2197786,2022,530117,91.05916457177408
406,2197788,2022,1553116,243.29266629086723
407,2197789,2022,389724,264.78428870578705
408,2197790,2022,173413,97.9258339960704
409,2197791,2022,468293,93.27637447639204
410,2197879,2022,45122,248.07558472184792
411,2197879,2023,7975,248.0755847218479
412,2197948,2022,579510,158.14172512265313
413,2197949,2022,120266,130.3989743943995
414,2197949,2023,20245,130.3989743943995
415,2197950,2022,754675,185.51990096387837
416,2197951,2022,102345,125.57388538031778
417,2197951,2023,12208,125.57388538031778
418,2197952,2022,513899,111.67632474510097
419,2197953,2022,68292,22.92532958344395
420,2198017,2022,93807,224.92734628318513
421,2198018,2022,177451,358.4384425442328
422,2198019,2022,320111,408.4800837769214
423,2198020,2022,90695,281.7468800323731
424,2198021,2022,96848,198.64950184282557
425,2198022,2022,56234,206.05204659485526
426,2198024,2022,2984,18.221518010115535
427,2198025,2022,27192,93.01587504853521
428,2198026,2022,44861,138.16170166984304
429,2198027,2022,79064,260.1792811588132
430,2198028,2022,20374,57.254894527556246
431,2198029,2022,28757,87.05082360926323
432,2198030,2022,4798,14.174319843915866
433,2198032,2022,37960,360.56454909810213
434,2198075,2022,10658,28.559818319499747
435,2198117,2023,6688,18.71633247885156
436,2198118,2023,2321,11.079510415201025
437,2198119,2023,5598,16.322943394277843
438,2198120,2023,2919,13.179861108077068
439,2198121,2023,5501,13.596428184798162
440,2198122,2023,1311,7.177445973748291
441,2198123,2023,5080,12.792366568201672
442,2198124,2023,1518,7.528044777097384
443,2198125,2023,5110,13.518813446964456
444,2198126,2023,4842,12.887336444026424
445,2198127,2023,2967,9.275375659237326
446,2198128,2023,1495,8.299376908927034
447,2198129,2023,1518,6.969312532943512
448,2198130,2023,1339,6.884740189256274
449,2198131,2023,904,5.779375838437058
450,2198135,2023,4945,14.29199639426119
451,2198136,2023,2154,17.27840575514218
452,2198137,2023,9255,21.02490120708112
453,2198162,2022,139257,243.79294150523162
454,2198163,2022,275507,340.86317088003597
455,2198164,2022,478834,428.8931532910633
456,2198165,2022,119311,283.3712384526372
457,2198166,2022,149806,199.72453711946136
458,2198167,2022,76521,217.30821748483064
459,2198170,2022,6571,16.099812567712416
460,2198171,2022,43868,89.99345373598891
461,2198172,2022,74026,148.08268745347158
462,2198173,2022,140825,259.6668382107706
463,2198174,2022,31502,81.67700210425653
464,2198175,2022,47224,103.11632858785863
465,2198176,2022,6535,13.703142268069957
466,2198177,2022,15840,141.4064638742184
467,2198178,2022,66476,377.8394184077795
468,2198179,2022,26266,290.9584378285711
469,2198180,2022,3008,35.1944168259319
470,2198200,2022,112573,45.817582278336104
471,2198205,2022,38750,21.870315777931232
472,2198279,2022,727417,218.16348840226544
473,2198280,2022,2270081,370.6129495750363
474,2198281,2022,5328477,414.46831854550555
475,2198282,2022,991283,293.16879705655595
476,2198283,2022,1492164,203.2616755758451
477,2198283,2023,15566,203.2616755758451
478,2198284,2022,1331349,273.22060923211353
479,2198287,2022,29401,19.209657750343595
480,2198288,2022,98829,86.09842285215194
481,2198289,2022,286844,134.68315944003302
482,2198290,2022,526062,219.5058670758551
483,2198291,2022,108892,61.67630686275899
484,2198292,2022,207203,93.97407774552055
485,2198293,2022,14138,13.140327498412022
486,2198294,2022,102173,156.43182855857887
487,2198295,2022,424891,366.58557042486063
488,2198296,2022,409101,317.69508241376263
489,2198297,2022,14854,46.02870348913852
490,2198298,2022,97761,52.0909725742456
491,2198299,2022,269388,115.01007355577373
492,2198300,2022,273231,108.3440929230312
493,2198306,2022,79785,261.18764464324437
494,2198307,2022,47466,285.2101197448481
495,2198308,2022,46775,77.7069587571175
496,2198309,2022,37355,206.41920450145372
497,2198310,2022,57975,164.0056684822819
498,2198311,2022,81950,97.10498580074922
499,2198312,2022,46400,318.7517277120454
500,2198313,2022,38250,0.0
501,2198314,2022,46503,94.1131537792976
502,2198315,2022,217422,288.7582860714966
503,2198316,2022,89747,305.2197053464979
504,2198317,2022,209077,62.86091218420555
505,2198411,2022,682503,174.40233511043323
506,2198412,2022,192375,94.49216374161516
507,2198413,2022,304115,141.97004467077912
508,2198414,2022,136290,53.032827104576285
509,2198415,2022,228673,91.16157981858261
510,2198416,2022,382696,135.84905155553466
511,2198492,2022,856543,186.75420097245976
512,2198493,2022,1240741,288.73567060362313
513,2198494,2022,94124,69.85509668513147
514,2198611,2022,106361,118.0915101624862
515,2198612,2022,49515,121.70627428723628
516,2198613,2022,97372,180.99442366505005
517,2198614,2022,336284,195.334243154679
518,2198615,2022,51415,63.1093020755726
519,2198616,2022,195269,175.0219391870506
520,2198617,2022,56249,133.63594831014584
521,2198618,2022,185424,273.69072229349587
522,2198619,2022,393400,222.94025216862545
523,2198620,2022,97401,263.8327794112029
524,2198621,2022,45451,99.69923963687867
525,2198622,2022,32531,67.60342478561218
526,2198627,2022,11654,14.776604339845665
527,2198628,2022,6225,13.109884070828137
528,2198629,2022,7806,12.240489519867966
529,2198631,2022,67490,75.78894711483831
530,2198633,2022,31558,23.77005509727084
531,2198634,2022,177251,165.4546792378107
532,2198635,2022,286635,198.93379864681555
533,2198636,2022,59849,96.34271560041834
534,2198637,2022,149268,117.43941098981703
535,2198638,2022,6952,12.740087854004072
536,2198639,2022,34066,58.95465381003134
537,2198640,2022,152247,146.64679685008053
538,2198641,2022,230825,160.70203959245043
539,2198642,2022,88147,65.51026888027882
540,2198643,2022,5936,12.380545766887868
541,2198745,2022,3064,5.780251139608946
542,2198751,2022,8689,54.07099536716628
543,2198752,2022,4042,27.35541622684248
544,2198753,2022,94700,87.57433522665559
545,2198756,2022,85654,76.41629998087798
546,2198757,2022,53530,36.700133869196065
547,2198758,2022,28689,42.15918312679775
548,2198759,2022,48776,104.17302394881075
549,2198760,2022,282618,306.43911000535235
550,2198761,2022,43536,57.78186455449519
551,2198762,2022,233338,182.22747056611885
552,2198763,2022,5407,27.438693115891965
553,2198764,2022,101658,98.27828294718441
554,2198765,2022,7426,128.07306869819072
555,2198889,2022,127525,59.206181746709056
556,2198889,2023,25775,59.206181746709056
557,2198890,2022,225000,1.3344012817090602
558,2198890,2023,38225,1.33440128170906
559,2198891,2022,145915,94.82314186099481
560,2198891,2023,22800,94.82314186099481
561,2198892,2022,204765,116.66085575898558
562,2198892,2023,31650,116.66085575898558
563,2198893,2022,124350,74.64126886920472
564,2198893,2023,21200,74.64126886920472
565,2198894,2022,214050,45.882751023339104
566,2198894,2023,40500,45.882751023339104
567,2198895,2022,78790,125.48301312684184
568,2198895,2023,16150,125.48301312684184
569,2198896,2022,200515,109.05381859251868
570,2198896,2023,34650,109.05381859251868
571,2198897,2022,81900,91.26304201299432
572,2198897,2023,25200,91.26304201299432
573,2198906,2022,314346,6.37809419704029
574,2198906,2023,24906,6.378094197040289
575,2198907,2022,254425,171.88300831086838
576,2198907,2023,32225,171.88300831086838
577,2198908,2022,134575,130.9712002104006
578,2198908,2023,17500,130.9712002104006
579,2198909,2022,104300,147.1956928419243
580,2198909,2023,21975,147.1956928419243
581,2198910,2022,163050,111.23083769956268
582,2198910,2023,21100,111.23083769956271
583,2198911,2022,890660,291.7080170558443
584,2198911,2023,68075,291.7080170558443
585,2198912,2022,419400,303.40096677750995
586,2198912,2023,29000,303.40096677750995
587,2198913,2022,587020,27.905244975196233
588,2198913,2023,80050,27.905244975196233
589,2198914,2022,282775,91.15176269980445
590,2198914,2023,24625,91.15176269980444
591,2198915,2022,184646,144.2519360122039
592,2198915,2023,21975,144.2519360122039
593,2198916,2022,82575,263.58297314958133
594,2198916,2023,17224,263.58297314958133
595,2198917,2022,51650,184.65728961170632
596,2198917,2023,17200,184.65728961170632
597,2198918,2022,104850,187.07423261272004
598,2198918,2023,25125,187.07423261272004
599,2198919,2022,165775,191.67768183476744
600,2198919,2023,43375,191.67768183476744
601,2198920,2022,99625,356.47008450374153
602,2198920,2023,21225,356.47008450374153
603,2198921,2022,140897,106.49236519289055
604,2198921,2023,15400,106.49236519289055
605,2199037,2022,68997,219.33274210854097
606,2199037,2023,9200,219.33274210854097
607,2199150,2022,57725,260.1800207527595
608,2199151,2022,52005,126.41737403939538
609,2199152,2022,79688,90.96579795156501
610,2199163,2022,150164,70.51973469879596
611,2199164,2022,165748,103.12391153992614
612,2199165,2022,129237,143.63332195251084
613,2199166,2022,125005,62.59990368814691
614,2199167,2022,69547,67.8020511431684
615,2199168,2022,108728,179.47357347620027
616,2199169,2022,258590,103.97037903176066
617,2199170,2022,79780,53.21206978904274
618,2199171,2022,61830,34.93177032948603
619,2199172,2022,237499,164.60286039579773
620,2199173,2022,248445,192.79142691203737
621,2199174,2022,60493,57.42324349511949
622,2199175,2022,44886,72.16497703029182
623,2199196,2022,112735,137.0760003542362
624,2199197,2022,435209,294.4058304454689
625,2199419,2022,109687,302.2573411164652
626,2199423,2022,89531,177.7285218188501
627,2199429,2022,300541,118.42178616853603
628,2199429,2023,39125,118.42178616853604
629,2199444,2022,177866,68.84634794387077
630,2199732,2022,77052,63.96373154185419
631,2199735,2022,143025,71.5247366589684
632,2199736,2023,6256,36.26599264079534
633,2200007,2022,89285,116.66983313814693
634,2200008,2022,133667,132.51942493395387
635,2200134,2022,11340,0.0
636,2200238,2022,48873,67.40052464000107
637,2200240,2022,71232,61.04532820635486
638,2200241,2022,35561,54.731459317280795
639,2200295,2022,27648,17.82675246499698
640,2200330,2022,204636,103.16938014724975
641,2200353,2022,187708,104.89101993310591
642,2200367,2022,92660,166.43317640757087
643,2200368,2022,154124,104.75238893403869
644,2200369,2022,65823,169.33794630900823
645,2200370,2022,97562,170.916272803522
646,2200371,2022,136372,103.8437203260233
647,2200372,2022,57677,81.6192061670279
648,2200373,2022,69180,72.58451866864682
649,2200374,2022,54113,133.84309641006493
650,2200375,2022,17304,48.347649991522125
651,2200413,2022,22415,62.441133614165196
652,2200434,2022,8712,17.883246766003264
653,2200438,2022,72785,124.9614845681575
654,2200439,2022,83199,130.60616975040725
655,2200440,2022,167777,70.64139282036838
656,2200441,2022,32928,42.48288661542694
657,2200442,2022,16528,49.543368475827556
658,2200443,2022,32210,54.33950506369065
659,2200444,2022,128442,146.05827658356907
660,2200445,2022,150554,119.6980609529514
661,2200446,2022,122174,74.87353043795457
662,2200447,2022,73980,40.03935192660877
663,2200492,2022,249509,130.42794133729976
664,2200493,2022,175988,128.86992163935167
665,2200699,2022,9861,41.69230046562934
666,2200700,2022,2225,16.194410507440935
667,2200732,2022,100949,55.632467375043994
668,2200733,2022,218613,75.0004747123006
669,2200734,2022,88121,40.41548770010795
670,2200737,2022,139864,50.37462934763264
671,2200808,2022,35806,78.6831102223559
672,2200894,2022,170609,323.17103574356577
673,2200894,2023,31660,323.17103574356577
674,2201073,2022,63505,24.15796442839906
675,2201242,2022,4831,104.64082674685405
676,2201243,2022,35178,77.29728302740455
677,2201244,2022,26524,293.86099778808796
678,2201245,2022,26189,62.88036126419995
679,2201246,2022,18877,84.77428785904765
680,2201247,2022,29002,114.96011930021626
681,2201248,2022,13968,25.110117442532115
682,2201249,2022,16126,50.12991847736142
683,2201250,2022,18647,163.25882107987465
684,2201251,2022,4871,268.430267876261
685,2201252,2022,5271,75.98102552161454
686,2201253,2022,7261,350.21787662983616
687,2201254,2022,16545,96.89062264744372
688,2201264,2023,15501,11.739803170493905
689,2201264,2024,1540,11.739803170493905
690,2201589,2023,20219,10.835544725848033
691,2201589,2024,4018,10.835544725848031
692,2201590,2023,16181,10.642009785505225
693,2201590,2024,3216,10.642009785505225
694,2201591,2023,27326,12.495663301143688
695,2201591,2024,4541,12.49566330114369
696,2201592,2023,33382,14.201339771167314
697,2201592,2024,5055,14.201339771167312
698,2201593,2023,21364,11.22889750068596
699,2201593,2024,3300,11.22889750068596
700,2201594,2023,18881,11.031612089063506
701,2201594,2024,2585,11.031612089063506
702,2201595,2023,21782,11.0068394247742
703,2201595,2024,3793,11.0068394247742
704,2201596,2023,18949,10.755800541280783
705,2201596,2024,3223,10.755800541280783
706,2201599,2023,10808,12.54241687991557
707,2201599,2024,1340,12.54241687991557
708,2201652,2022,381304,180.30903386148975
709,2201655,2022,221265,134.89270546871575
710,2201956,2022,146379,131.46375887867111
711,2202060,2023,195,11.917599031124796
712,2202075,2022,210506,62.24474917003317
713,2202076,2022,524219,102.50454714930264
714,2202077,2022,68713,34.1392901392691
715,2202078,2022,132339,52.85227690550625
716,2202079,2022,1161,7.087134295854183
717,2202080,2022,19971,70.7415422790605
718,2202082,2022,39488,73.94643116638693
719,2202083,2022,15081,44.278695873720196
720,2202084,2022,83009,127.46586399251026
721,2202085,2022,119887,44.48817443092209
722,2202086,2022,517810,102.31245129571192
723,2202087,2022,144447,68.92218155908864
724,2202088,2022,309658,173.5645151775203
725,2202089,2022,188922,151.91051677755112
726,2202090,2022,26782,22.7973271909035
727,2202091,2022,55822,58.443620117592495
728,2202092,2022,124234,132.06474295932347
729,2202135,2022,355572,152.03678951505458
730,2202207,2022,26336,98.0886825118203
731,2202208,2022,3517,43.07624238274386
732,2202209,2022,81000,112.48814827410787
733,2202210,2022,138811,209.43249880206125
734,2202211,2022,26696,76.05641828611661
735,2202212,2022,43923,92.60198368194179
736,2202310,2022,117625,42.796011257422755
737,2202311,2022,225525,80.04582446140562
738,2202312,2022,245587,220.24986703662145
739,2202313,2022,494885,237.9796367254021
740,2202314,2022,46624,68.34205646003613
741,2202315,2022,491048,144.9771750691551
742,2202315,2023,101069,144.9771750691551
743,2202319,2022,144014,107.10793423811336
744,2202320,2022,33172,57.82828693909578
745,2202321,2022,14207,56.135062745541326
746,2202322,2022,34597,55.86046500510235
747,2202323,2022,29264,40.289886470468765
748,2202324,2022,63642,77.24134867970034
749,2202325,2022,167588,111.36575289983968
750,2202326,2022,1348226,329.9942750753412
751,2202327,2022,200707,147.75478053638116
752,2202328,2022,242960,167.52965318859165
753,2202329,2022,54439,52.011105892074376
754,2202330,2022,212191,121.70228556040858
755,2202331,2022,129203,87.69655263786467
756,2202334,2022,2830,10.05548879673721
757,2202334,2023,3049,10.05548879673721
758,2202335,2022,180830,57.713606358242636
759,2202336,2022,24176,16.716566728337877
760,2202337,2022,65068,22.589442972974265
761,2202338,2022,178835,58.379758279752146
762,2202339,2022,81636,30.755181485427336
763,2202450,2022,317498,178.47627747368614
764,2202451,2022,755289,230.91808478495116
765,2202451,2023,45942,230.91808478495116
766,2202453,2022,199540,105.94074328577295
767,2202454,2022,425233,188.92379095768743
768,2202455,2023,82,11.823705003085962
769,2202456,2022,256989,166.0337173985969
770,2202456,2023,1293,166.0337173985969
771,2202457,2022,637030,214.7538569755121
772,2202457,2023,38039,214.75385697551206
773,2202460,2022,287332,151.3207678527774
774,2202461,2023,269,11.07090488916489
775,2202462,2022,94877,91.98018538372762
776,2202462,2023,416,91.98018538372762
777,2202475,2023,425,23.354968324845686
778,2202477,2022,121538,151.67150111918573
779,2202482,2022,314743,124.44492468896327
780,2202482,2023,21019,124.44492468896327
781,2202563,2023,11369,88.02349660775913
782,2202563,2024,190,88.02349660775913
783,2202665,2023,24127,12.36917447234163
784,2202665,2024,3441,12.36917447234163
785,2202673,2023,15514,10.740996758355518
786,2202673,2024,2203,10.740996758355518
787,2202702,2023,20039,10.13718952123835
788,2202702,2024,3298,10.13718952123835
789,2202703,2023,22604,10.568301179175194
790,2202703,2024,3593,10.568301179175194
791,2202704,2023,26093,12.076429899130469
792,2202704,2024,4716,12.076429899130469
793,2202901,2023,48,8.0
794,2202902,2023,6264,36.85471842614281
795,2203181,2023,55929,105.48841095958943
796,2203185,2023,54225,97.45670349344404
797,2203189,2023,6476,13.156527338081375
798,2203190,2023,8486,12.845016399342894
799,2203191,2023,9841,24.068074539907485
800,2203192,2023,90998,129.21134948683127
801,2203193,2023,35167,57.02357495386513
802,2203194,2023,63801,56.953332310735384
803,2203195,2023,57019,57.33179835837178
804,2203196,2023,184566,154.68247609723122
805,2203197,2023,16064,67.24965565790272
806,2203198,2023,188144,227.30391203525517
807,2203202,2023,165614,212.01136784244386
808,2203203,2023,84228,262.57563654012097
809,2203204,2023,637881,321.6454873320325
810,2203205,2023,626757,337.39592138834814
811,2203206,2023,139128,263.0051203217827
812,2203207,2023,34977,51.31544246266527
813,2203208,2023,41285,73.47423166209869
814,2203209,2023,12698,12.346230389734128
815,2203210,2023,4260,13.367260405722268
816,2203211,2023,235950,135.0907569637886
817,2203212,2023,374229,206.4391830841873
818,2203214,2023,65295,79.0597044690667
819,2203215,2023,55869,80.2607392566171
820,2203265,2023,25543,82.99065002344415
821,2203266,2023,103488,218.4011409677611
822,2203269,2023,2858,18.052458809494187
823,2203270,2023,4634,39.99894663455708
824,2203271,2023,20883,84.40021970549147
825,2203272,2023,8762,32.35431908930959
826,2203274,2023,55969,48.67297118147642
827,2203275,2023,461198,307.5745547374659
828,2203276,2023,20570,24.882837870924774
829,2203277,2023,41896,56.96453736673765
830,2203278,2023,34310,85.65821015632542
831,2203279,2023,46252,41.61187540505926
832,2203280,2023,11168,12.569681162086622
833,2203281,2023,11313,13.293009468495072
834,2203282,2023,94918,91.74956810293914
835,2203283,2023,16826,22.546392051837834
836,2203284,2023,66433,68.39286360171812
837,2203285,2023,39637,32.86861636953882
838,2203287,2023,185925,150.2417050918941
839,2203288,2023,213424,178.7370176578524
840,2203289,2023,25424,21.283712403805612
841,2203290,2023,349286,130.37807538715552
842,2203291,2023,30909,82.19220072844374
843,2203297,2023,50807,189.3374649172414
844,2203305,2023,86943,208.39631723340491
845,2203306,2023,17239,67.63477338283766
846,2203307,2023,127297,227.3590497049311
847,2203308,2023,216502,247.23342374785958
848,2203309,2023,63963,271.97396255441265
849,2203310,2023,84975,85.91344382667471
850,2203311,2023,18465,36.58995013221372
851,2203312,2023,12594,97.62717592232681
852,2203320,2023,44128,118.68684777749488
853,2203321,2023,41139,109.79495958468377
854,2203828,2023,3572,19.634662982470527
855,2203829,2023,4229,36.57719556754131
856,2203830,2023,2589,16.388055424566918
857,2203831,2023,2514,17.21470940119708
858,2203832,2023,1852,12.774057804590953
859,2203833,2023,2069,12.086049588749038
860,2203834,2023,3486,41.47800197356583
861,2203835,2023,3278,23.346083227122175
862,2203836,2023,1641,33.967499447622195
863,2203837,2023,1571,73.38323720365274
864,2203838,2023,1022,13.016065278203722
865,2203839,2023,946,12.412426619241034
866,2203841,2023,1373,48.977524707232554
867,2203842,2023,2900,18.334465551132116
868,2203906,2023,145539,29.937099523700645
869,2203906,2024,18134,29.937099523700642
870,2204224,2023,21771,17.544230866825526
871,2204225,2023,7186,10.512851538565144
872,2204226,2023,96459,45.13350217603242
873,2204227,2023,7342,10.296666475822313
874,2204228,2023,6462,9.959528472076231
875,2204229,2023,5567,9.909391287588036
876,2204230,2023,4749,16.960479732146116
877,2204231,2023,7491,13.852983350343461
878,2204232,2023,61624,56.54087519306223
879,2204233,2023,29291,20.123964046869272
880,2204383,2023,8406,50.32873362067769
881,2204386,2023,1186,43.4135000493163
882,2204387,2023,104734,145.84203355089042
883,2204388,2023,334565,104.04935397332939
884,2204390,2023,34619,57.35102777744099
885,2204391,2023,38458,73.16520352495304
886,2204393,2023,49074,55.08822236366379
887,2204394,2023,211196,169.1713906729029
888,2204395,2023,189665,103.22897694037819
889,2204396,2023,73078,70.44215428170523
890,2204397,2023,2823,23.806852317932893
891,2204398,2023,54760,61.31811907272605
892,2204409,2023,11941,41.66595482194673
893,2204410,2023,46504,109.01061047454772
894,2204411,2023,81620,121.57642236487919
895,2204412,2023,97975,72.70714076287096
896,2204413,2023,27016,43.16074082357791
897,2204414,2023,150259,151.05132245053787
898,2204415,2023,101109,128.00407267125763
899,2204416,2023,42617,101.00604233195423
900,2204422,2022,39309,94.26058072252158
901,2204423,2023,1157,13.406702895927936
902,2204424,2022,70502,120.43258080849503
903,2204424,2023,889,120.43258080849502
904,2204425,2022,35469,95.94479514292962
905,2204425,2023,19,95.94479514292964
906,2204487,2023,201941,57.74976907650441
907,2204487,2024,24145,57.74976907650441
908,2204488,2023,294900,60.8229278348517
909,2204488,2024,35968,60.8229278348517
910,2204512,2023,103275,313.9533937198756
911,2204539,2023,68699,91.62520467536453
912,2204540,2023,4248,11.671494451522737
913,2204541,2023,20615,46.21835506811203
914,2204542,2023,64724,85.19668662204296
915,2204543,2023,4618,11.51129615355887
916,2204544,2023,14881,71.89845615291597
917,2204545,2023,4230,42.74478288845294
918,2204548,2023,53693,172.9589843923871
919,2204549,2023,35423,68.28656691629303
920,2204551,2023,37795,117.05286574099362
921,2204552,2023,21651,33.30832244092105
922,2204619,2023,698711,87.30068633090951
923,2204619,2024,1050,87.30068633090951
924,2204620,2023,418930,88.98944987893178
925,2204620,2024,7650,88.98944987893178
926,2204621,2023,356301,87.57953751828767
927,2204621,2024,6400,87.57953751828767
928,2204622,2023,429321,73.30598808751628
929,2204622,2024,7025,73.30598808751628
930,2204624,2024,1500,0.0
931,2204625,2024,4225,122.98373876248843
932,2204626,2024,4500,0.0
933,2204627,2024,1900,320.1562118716424
934,2204628,2024,900,
935,2204629,2024,900,
936,2204688,2023,158885,92.76835433879774
937,2204688,2024,900,92.76835433879774
938,2204689,2023,350250,0.0
939,2204689,2024,750,0.0
940,2204690,2023,179100,138.61842352323646
941,2204690,2024,750,138.61842352323646
942,2204691,2023,250260,81.12466911459151
943,2204691,2024,2700,81.12466911459151
944,2204692,2023,150325,61.29114106418746
945,2204692,2024,350,61.291141064187464
946,2204693,2023,370775,21.328129615679508
947,2204693,2024,750,21.328129615679508
948,2204694,2023,104600,158.54999256294514
949,2204694,2024,1048,158.54999256294514
950,2204695,2023,260760,42.92744728651816
951,2204695,2024,900,42.92744728651816
952,2204696,2023,105275,87.17192222882123
953,2204696,2024,548,87.17192222882123
954,2204698,2023,280100,84.04678605766085
955,2204704,2023,280651,104.92913887544859
956,2204705,2023,154202,300.2427096888147
957,2204714,2023,32650,128.1025230440697
958,2204715,2023,16950,97.63654406441324
959,2204723,2023,39265,33.76996712094467
960,2204723,2024,8070,33.76996712094467
961,2204726,2023,1088,56.888967383220084
962,2204727,2023,1552,46.94132208724256
963,2204728,2023,1029,20.092717575730244
964,2204729,2023,2686,17.72379400890204
965,2204738,2023,432420,162.1707480803401
966,2204746,2023,275838,127.81338952126379
967,2204750,2023,54079,264.1816848875783
968,2204751,2023,82321,345.2445960615829
969,2204753,2023,412659,313.27865900076534
970,2204754,2023,25519,296.7050507421846
971,2204755,2023,224941,231.8311919116168
972,2204759,2023,16034,18.04628451050739
973,2204761,2023,2010,78.46568445099831
974,2204762,2023,30772,180.5857285005488
975,2204763,2023,67850,198.5195648880287
976,2204766,2023,13325,16.584649164550083
977,2204767,2023,69200,65.49615239644847
978,2204768,2023,89225,55.379043548163274
979,2204769,2023,141318,58.71895475818801
980,2204770,2023,123381,64.12372037679248
981,2204771,2023,15129,16.204150479308307
982,2204772,2023,10674,13.074467376979335
983,2204773,2023,282303,151.06407786224028
984,2204774,2023,443267,237.1175663000488
985,2204776,2023,108519,87.77202115284219
986,2204777,2023,194197,99.31598077526317
987,2204779,2023,42932,42.02739483520105
988,2204780,2023,190302,208.85413579309102
989,2204782,2023,211543,236.15326885581953
990,2204783,2023,8328,46.61461024156944
991,2204783,2024,800,46.61461024156944
992,2204784,2023,1072927,264.86173840142635
993,2204785,2023,1120718,291.07361463527263
994,2204786,2023,220855,288.28072886884996
995,2204787,2023,189483,97.03280161673429
996,2204788,2023,66377,37.937001838998285
997,2204789,2023,6047,114.64219660866354
998,2204798,2023,264305,166.0835447229252
999,2204799,2023,360345,186.27922889722691
1000,2204800,2023,29007,23.904828493961546
1001,2204832,2023,446802,86.2707361677067
1002,2204832,2024,39771,86.2707361677067
1003,2204833,2023,462527,67.91159536180938
1004,2204833,2024,52725,67.91159536180938
1005,2204834,2023,1021022,65.54322182316572
1006,2204834,2024,108900,65.54322182316572
1007,2204835,2023,1181137,103.3662292774272
1008,2204835,2024,132000,103.3662292774272
1009,2204836,2023,532978,147.92409129516878
1010,2204836,2024,57150,147.92409129516878
1011,2204837,2023,203252,106.71187473162773
1012,2204837,2024,19575,106.71187473162773
1013,2204838,2023,147052,112.79631286846795
1014,2204838,2024,13350,112.79631286846794
1015,2204839,2023,102127,274.65998886397455
1016,2204839,2024,10150,274.65998886397455
1017,2204840,2023,162577,262.2792585978265
1018,2204840,2024,18175,262.2792585978265
1019,2204841,2023,179552,172.2027867116087
1020,2204841,2024,20900,172.2027867116087
1021,2204842,2023,368427,120.64074119045661
1022,2204842,2024,34650,120.64074119045662
1023,2204843,2023,274727,139.10301046569057
1024,2204843,2024,34275,139.10301046569057
1025,2204844,2023,139003,294.09708859484897
1026,2204844,2024,10050,294.09708859484897
1027,2204845,2023,106262,148.65073186383185
1028,2204845,2024,1950,148.65073186383185
1029,2204846,2023,67352,127.1418261471966
1030,2204846,2024,2625,127.1418261471966
1031,2204847,2023,95628,85.81123910087192
1032,2204848,2023,196725,50.14753554971823
1033,2204849,2024,900,
1034,2204850,2023,542001,44.43982604864551
1035,2204850,2024,7000,44.43982604864551
1036,2204851,2023,135750,32.25624162286201
1037,2204851,2024,3920,32.25624162286201
1038,2204852,2023,70370,43.12194902323166
1039,2204852,2024,4090,43.12194902323166
1040,2204853,2023,477200,6.137067938998001
1041,2204854,2024,408,8.48528137423857
1042,2204859,2023,49266,94.57521919825628
1043,2204860,2023,81715,53.82829613924172
1044,2204862,2023,19575,14.177288111598763
1045,2204863,2023,16976,15.400366894870885
1046,2204864,2023,36895,29.647490597028064
1047,2204865,2023,327087,201.34581571304165
1048,2204866,2023,25465,80.72101148231086
1049,2204868,2023,105805,49.378978874374916
1050,2204869,2023,754030,315.07130209103906
1051,2204870,2023,17081,46.886411015406196
1052,2204871,2023,202508,103.27116815802907
1053,2204872,2023,192221,70.2060152434822
1054,2204873,2023,33139,25.70305192270082
1055,2204874,2023,108957,53.65914700670492
1056,2204875,2023,76230,37.55561296635175
1057,2204876,2023,31202,81.76232500587336
1058,2204877,2023,199224,243.66253059787263
1059,2204879,2023,26260,74.24584962489782
1060,2204879,2024,10,74.24584962489782
1061,2204880,2023,38044,98.0801086037515
1062,2204880,2024,4051,98.0801086037515
1063,2205046,2023,7950,13.609092917116733
1064,2205086,2023,29846,17.485375075348006
1065,2205210,2023,86180,64.15233302587536
1066,2205211,2023,85029,47.02669414730861
1067,2205212,2023,58859,78.37344829035149
1068,2205213,2023,108476,70.86047280125356
1069,2205214,2023,255527,166.61025604985184
1070,2205215,2023,228474,104.46125880792326
1071,2205217,2023,152865,71.72493728485519
1072,2205218,2023,413295,76.3526901038643
1073,2205219,2023,147371,56.06418986327497
1074,2205220,2023,104729,154.16233143409883
1075,2205221,2023,292335,183.10715928752074
1076,2205222,2023,170045,121.10794611358169
1077,2205223,2023,584367,104.6033337669017
1078,2205224,2023,283170,74.48561753401638
1079,2205225,2023,37715,28.077530118097933
1080,2205226,2023,179870,131.23785553404414
1081,2205227,2023,92310,65.32101973258123
1082,2205228,2023,31268,43.217269622711925
1083,2205229,2023,188723,121.02613786516672
1084,2205230,2023,315560,136.67182091568213
1085,2205231,2023,321069,74.91869361764377
1086,2205232,2023,248919,47.97240810937366
1087,2205233,2023,180504,46.64046013245763
1088,2205374,2023,26529,21.839488935643917
1089,2205375,2023,16372,12.095410621907432
1090,2205376,2023,26008,46.62753230026986
1091,2205377,2023,10549,13.770157066966723
1092,2205378,2023,22560,10.734089543257614
1093,2205379,2023,16257,9.840033233721075
1094,2205380,2023,16003,21.325294723832883
1095,2205381,2023,32413,20.765455292523868
1096,2205382,2023,65954,63.89592776044649
1097,2205383,2023,30634,29.00084172057944
1098,2205388,2023,8113,25.49026582865606
1099,2205388,2024,1160,25.49026582865606
1100,2205389,2023,52092,63.20693525905982
1101,2205389,2024,24,63.20693525905982
1102,2205479,2023,176060,35.56859953449504
1103,2205713,2023,66310,61.71420856270947
1104,2205714,2023,54006,24.492888637305818
1105,2205715,2023,177537,139.85681988499167
1106,2205874,2023,2181,9.507399615001004
1107,2205874,2024,232,9.507399615001004
1108,2206551,2023,139738,226.47354560752456
1109,2206551,2024,15450,226.47354560752453
1110,2206552,2023,97763,321.46932499145976
1111,2206552,2024,10610,321.46932499145976
1112,2206602,2024,910,16.731442749224833
1113,2206603,2024,24128,112.17949543613986
1114,2206604,2024,19886,62.28043593677009
1115,2206610,2023,3352,8.299779118391589
1116,2206610,2024,714,8.299779118391589
1117,2206650,2023,552275,183.53923861643597
1118,2206653,2023,323653,134.8325302830181
1119,2206681,2023,58278,116.74861897487538
1120,2206681,2024,880,116.74861897487538
1121,2206756,2023,33325,37.47985749785237
1122,2206756,2024,8477,37.47985749785237
1123,2206757,2023,43497,32.148274515858965
1124,2206757,2024,8802,32.148274515858965
1125,2206803,2023,91968,113.76322257350631
1126,2206804,2023,158273,215.25457449008638
1127,2206993,2024,2764,32.82220124260312
1128,2207064,2023,654284,213.67507981613952
1129,2207065,2023,550668,178.15713704986194
1130,2207066,2023,406744,187.06240681630507
1131,2207067,2023,140797,112.12697137310768
1132,2207068,2023,725625,346.9699260729015
1133,2207073,2023,29724,249.94039102632064
1134,2207074,2023,271199,334.69453991839146
1135,2207075,2023,1555392,316.0239061673173
1136,2207076,2023,29151,302.26156077077775
1137,2207077,2023,342384,237.9597421271329
1138,2207078,2023,543586,207.1242504152167
1139,2207079,2023,31421,84.74824500816207
1140,2207080,2023,74939,167.80540759174255
1141,2207081,2023,66493,208.27298940608134
1142,2207082,2023,285935,133.18501610243356
1143,2207230,2023,225239,332.0861122012982
1144,2207231,2023,164894,96.45320001404436
1145,2207232,2023,171374,91.10784786187908
1146,2207233,2023,14933,12.281016038855505
1147,2207234,2023,50917,31.464319936828883
1148,2207235,2023,115064,78.84997932146725
1149,2207236,2023,102966,42.85278580176556
1150,2207237,2023,10136,11.324770649331027
1151,2207238,2023,51228,82.30607038150751
1152,2207239,2023,34086,58.65817515913992
1153,2207410,2023,169407,76.9458309302888
1154,2207411,2023,23964,22.60388072593575
1155,2207412,2023,64315,34.91717728357262
1156,2207413,2023,188464,112.29478454683925
1157,2207414,2023,66866,66.17053349849829
1158,2207415,2023,19009,26.878221787596164
1159,2207416,2023,35633,37.591121615252156
1160,2207417,2023,34107,20.61680399252008
1161,2207418,2023,28524,16.754169129877695
1162,2207419,2023,22214,11.799092511386643
1163,2207419,2024,3023,11.799092511386645
1164,2207423,2023,769576,32.25525811848832
1165,2207424,2023,831901,46.82742630528428
1166,2207470,2023,15521,26.505095832015034
1167,2207471,2023,14705,27.34520881228062
1168,2207473,2023,9587,23.7767164223172
1169,2207474,2023,18792,25.1296228856135
1170,2207476,2023,5692,26.295428627278255
1171,2207478,2023,8392,24.52132944896774
1172,2207625,2024,27189,34.5423643357554
1173,2207781,2023,193402,321.62134032000284
1174,2207781,2024,1230,321.62134032000284
1175,2207782,2023,528982,130.33265732126418
1176,2207782,2024,1200,130.33265732126418
1177,2207810,2023,369138,378.41812249995695
1178,2207824,2023,406194,177.86092599223375
1179,2207825,2023,246865,142.735884863997
1180,2207826,2023,145135,94.35196358904577
1181,2207827,2023,96427,46.72645916882018
1182,2207911,2023,61348,73.52818474725811
1183,2207912,2023,15306,123.97589500448751
1184,2207912,2024,2150,123.9758950044875
1185,2207913,2023,15108,129.21991008067306
1186,2207913,2024,1912,129.21991008067306
1187,2207944,2023,25354,61.44821335728695
1188,2207945,2023,20298,45.91750975496098
1189,2207946,2023,130279,73.31599082200634
1190,2207947,2023,42228,66.10620661163051
1191,2207958,2023,28686,68.56509557130448
1192,2207965,2023,121311,70.39741352548289
1193,2207996,2023,74943,172.17648397036822
1194,2208041,2023,164605,11.894704125763855
1195,2208334,2023,423351,12.624390346691717
1196,2208349,2023,3204,87.28965036079185
1197,2208349,2024,579,87.28965036079185
1198,2208362,2024,19269,162.41820620418935
1199,2208363,2024,26532,184.40768735791676
1200,2208365,2023,13996,115.63327858641003
1201,2208365,2024,2125,115.63327858641001
1202,2208366,2023,71780,123.58783757020254
1203,2208366,2024,26,123.58783757020254
1204,2208367,2023,58063,128.21025157971573
1205,2208368,2023,41055,84.71657742675032
1206,2208368,2024,12,84.71657742675032
1207,2208369,2023,29828,51.40277734186592
1208,2208369,2024,318,51.402777341865914
1209,2208605,2023,90330,95.7020686382722
1210,2208605,2024,13500,95.7020686382722
1211,2208622,2023,11575,25.315528307211036
1212,2208623,2023,17932,47.89214383020341
1213,2208657,2023,72308,153.71179484992783
1214,2208658,2023,125692,179.6585419838013
1215,2208659,2023,62209,119.8417091751396
1216,2208667,2024,5125,107.28976220307824
1217,2208668,2023,33103,32.68427559219237
1218,2208770,2023,684702,187.23489503660807
1219,2208770,2024,6,187.23489503660807
1220,2208771,2023,799731,213.49047270492514
1221,2208771,2024,5,213.4904727049251
1222,2208772,2023,725697,182.18727559919247
1223,2208772,2024,34,182.18727559919247
1224,2208773,2023,87988,73.91811712912441
1225,2208773,2024,14,73.91811712912441
1226,2208811,2023,104536,143.8069993072095
1227,2208811,2024,310,143.8069993072095
1228,2208812,2023,158683,90.9576736118206
1229,2208813,2023,37049,18.569256958224337
1230,2208813,2024,7341,18.569256958224337
1231,2208814,2023,39718,19.30808122521588
1232,2208814,2024,5470,19.30808122521588
1233,2208815,2023,78208,27.311138893824698
1234,2208815,2024,2,27.311138893824698
1235,2208816,2023,681784,217.23144275710462
1236,2208817,2023,208156,95.471023897128
1237,2208817,2024,2,95.471023897128
1238,2208818,2023,1683189,319.91674445516145
1239,2208818,2024,11131,319.91674445516145
1240,2208819,2023,402766,126.58034082095823
1241,2208819,2024,391,126.58034082095823
1242,2208820,2023,323468,142.62216545186763
1243,2208821,2023,64263,43.172773655365546
1244,2208821,2024,20,43.172773655365546
1245,2208822,2023,227328,110.51822731780923
1246,2208823,2023,151791,86.92536347680571
1247,2208824,2023,65516,103.81321482625239
1248,2208824,2024,10060,103.81321482625239
1249,2208825,2023,429111,268.9390784816909
1250,2208825,2024,35895,268.9390784816909
1251,2208826,2024,11022,15.163368319800936
1252,2208827,2023,407791,130.7980928814982
1253,2208827,2024,36097,130.7980928814982
1254,2208828,2023,426333,196.96039280684863
1255,2208850,2023,269153,129.98245398178258
1256,2208850,2024,10296,129.98245398178258
1257,2208851,2023,18536,78.14806495591212
1258,2208852,2023,118439,155.26568679509487
1259,2208853,2024,1,
1260,2208855,2024,26995,82.47325253490027
1261,2208856,2023,775405,221.78302807836047
1262,2208856,2024,43038,221.78302807836045
1263,2208857,2023,17979,11.970867517335625
1264,2208858,2023,103269,70.01138882676626
1265,2208858,2024,3892,70.01138882676626
1266,2208859,2023,208413,115.07490590394092
1267,2208859,2024,11451,115.0749059039409
1268,2208860,2023,19380,52.15328126096567
1269,2208861,2023,83849,145.46182476492106
1270,2208862,2024,307,41.61476767793963
1271,2208863,2024,4281,36.15470459183693
1272,2208864,2023,503207,179.90372975757947
1273,2208864,2024,30891,179.90372975757947
1274,2208865,2023,16087,11.896955820189095
1275,2208865,2024,7,11.896955820189095
1276,2208884,2023,376481,208.26009138489263
1277,2208884,2024,51150,208.26009138489263
1278,2208885,2023,1142397,258.68575254344677
1279,2208885,2024,3,258.68575254344677
1280,2208886,2023,27475,91.68350029343614
1281,2208886,2024,8712,91.68350029343615
1282,2208887,2023,370098,113.29701353720975
1283,2208887,2024,22850,113.29701353720976
1284,2208889,2023,604270,291.2830418419464
1285,2208889,2024,27294,291.2830418419464
1286,2208890,2023,1282108,280.3506312963359
1287,2208890,2024,857,280.3506312963359
1288,2208891,2023,288356,256.79307568087484
1289,2208891,2024,75,256.79307568087484
1290,2208892,2023,27648,105.54556798179645
1291,2208892,2024,8163,105.54556798179645
1292,2208893,2023,354261,112.90738937501708
1293,2208893,2024,16304,112.90738937501706
1294,2208895,2023,57440,109.45943104599094
1295,2208895,2024,4126,109.45943104599093
1296,2208896,2023,88690,49.078797354721964
1297,2208896,2024,1836,49.078797354721964
1298,2208897,2023,216426,119.35381710302397
1299,2208897,2024,19237,119.35381710302399
1300,2208898,2023,49047,19.540304719747464
1301,2208898,2024,21,19.540304719747464
1302,2208899,2023,34182,15.284287748412616
1303,2208899,2024,5364,15.284287748412616
1304,2208900,2023,21241,16.245447054386915
1305,2208900,2024,4478,16.245447054386915
1306,2208905,2023,341987,103.6728176415094
1307,2208987,2023,14422,22.874474515438163
1308,2208988,2023,271858,137.1025948312644
1309,2208988,2024,10515,137.1025948312644
1310,2208989,2023,1272628,262.9706680581254
1311,2208989,2024,58914,262.9706680581254
1312,2208990,2023,282781,221.18127228683016
1313,2208990,2024,11279,221.1812722868302
1314,2208993,2023,749572,276.0925910657412
1315,2208993,2024,33648,276.0925910657412
1316,2208994,2023,891917,198.48880357232773
1317,2208994,2024,31206,198.48880357232773
1318,2208995,2023,1205414,341.6896763910646
1319,2208995,2024,98691,341.68967639106467
1320,2208996,2023,26686,14.392056610332457
1321,2208997,2023,105262,90.67525840279555
1322,2208997,2024,6550,90.67525840279555
1323,2208998,2023,413207,163.530478873208
1324,2208998,2024,18749,163.530478873208
1325,2208999,2023,37309,82.26361443004008
1326,2208999,2024,24,82.26361443004008
1327,2209002,2023,462156,149.37596009464602
1328,2209002,2024,616,149.37596009464602
1329,2209003,2023,29395,13.626297552794801
1330,2209003,2024,27,13.626297552794801
1331,2209004,2023,190501,93.90380190250656
1332,2209004,2024,21118,93.90380190250656
1333,2209005,2023,188916,96.0906969651292
1334,2209005,2024,20137,96.0906969651292
1335,2209141,2023,169830,46.509734686921206
1336,2209186,2023,288508,72.49448986059922
1337,2209186,2024,13856,72.49448986059922
1338,2209187,2023,112655,46.25289589322803
1339,2209187,2024,10593,46.25289589322803
1340,2209188,2023,266417,73.67222779761818
1341,2209188,2024,27300,73.67222779761818
1342,2209189,2023,249363,56.45671233138079
1343,2209189,2024,20550,56.45671233138079
1344,2209190,2023,225960,178.38935405520854
1345,2209191,2023,1258419,104.94392715981786
1346,2209191,2024,256435,104.94392715981786
1347,2209192,2023,125007,76.97936617596271
1348,2209193,2023,304168,76.20706348295529
1349,2209194,2023,184226,51.08107603593096
1350,2209195,2023,251271,60.419236426024
1351,2209195,2024,19104,60.41923642602399
1352,2209196,2023,333556,143.42545974012936
1353,2209197,2023,559812,173.5257792148964
1354,2209198,2023,64497,29.23669993181679
1355,2209198,2024,9427,29.23669993181679
1356,2209199,2023,258347,109.33654129567535
1357,2209199,2024,24218,109.33654129567535
1358,2209200,2023,67290,46.6142163252503
1359,2209200,2024,4470,46.61421632525029
1360,2209201,2023,106702,109.7570107612214
1361,2209202,2023,249681,74.57952273584834
1362,2209204,2023,216019,129.22747870480484
1363,2209205,2023,158546,120.0010712070162
1364,2209548,2023,96795,70.72424463289141
1365,2209550,2023,45334,68.93864591950876
1366,2209551,2023,3799,36.38628219676349
1367,2209561,2023,60205,87.92103776862517
1368,2209562,2023,158455,131.47993041387184
1369,2209628,2023,81720,65.46442531155456
1370,2209628,2024,21845,65.46442531155456
1371,2209629,2023,12590,55.032408571118395
1372,2209634,2023,3192996,321.6647151122996
1373,2209634,2024,58106,321.6647151122996
1374,2209638,2023,955890,238.3343914545293
1375,2209638,2024,85,238.3343914545293
1376,2209698,2023,194496,105.47033147169705
1377,2209698,2024,34416,105.47033147169707
1378,2209704,2023,1034250,16.84095853900632
1379,2209704,2024,39000,16.84095853900632
1380,2209705,2023,492725,10.068362807614108
1381,2209705,2024,70975,10.068362807614108
1382,2209716,2023,250788,151.63855839523112
1383,2209717,2023,105248,205.98819623625678
1384,2209718,2023,665223,248.2932402984342
1385,2209719,2023,389145,242.30322761448505
1386,2209720,2023,135298,241.36060476786864
1387,2209721,2023,720055,276.33561725803924
1388,2209722,2023,174271,271.7992717902328
1389,2209723,2023,31689,38.30297577344605
1390,2209725,2023,47937,41.122216731408415
1391,2209727,2024,8286,75.40303594323883
1392,2209735,2024,7885,74.31381610779684
1393,2209833,2023,72835,123.00500152211674
1394,2209834,2023,1015773,103.79473638044279
1395,2209834,2024,229020,103.79473638044279
1396,2209835,2023,227534,62.67668210504578
1397,2209835,2024,27090,62.67668210504578
1398,2209836,2023,537976,72.92293621821153
1399,2209836,2024,101079,72.92293621821153
1400,2209945,2023,17888,44.26112734985844
1401,2209945,2024,7406,44.26112734985844
1402,2209946,2023,13165,27.183543954199894
1403,2209946,2024,5484,27.183543954199898
1404,2209947,2023,18082,26.994786386675237
1405,2209947,2024,4800,26.99478638667524
1406,2209948,2024,4749,19.51496871999904
1407,2209949,2023,10770,19.711724989126672
1408,2209949,2024,2251,19.711724989126672
1409,2209950,2023,11648,22.109162603269414
1410,2209950,2024,2804,22.109162603269414
1411,2209970,2023,1412222,29.37510513484212
1412,2209970,2024,2160,29.37510513484212
1413,2210097,2023,462941,215.24878205861637
1414,2210098,2023,269744,283.98225319590154
1415,2210225,2024,4475,120.4705026574371
1416,2210226,2024,3775,134.5752065274332
1417,2210233,2023,633073,297.54419062509436
1418,2210260,2023,341792,107.61304493077574
1419,2210260,2024,1,107.61304493077573
1420,2210261,2023,307335,119.9898268709125
1421,2210261,2024,29185,119.98982687091251
1422,2210287,2024,871,15.172982164199036
1423,2210418,2024,5682,33.9173569935495
1424,2210419,2024,1269,13.125008383632464
1425,2210420,2024,11651,63.474424545758716
1426,2210421,2024,938,15.350672208567998
1427,2210422,2024,515,7.973915809270458
1428,2210423,2024,785,33.780873817849
1429,2210424,2024,10924,79.18534977679205
1430,2210425,2024,10577,76.14908554670171
1431,2210426,2024,1,
1432,2210427,2024,13576,149.87179450874683
1433,2210428,2024,14742,192.88607626223717
1434,2210429,2024,15124,157.44506855536346
1435,2210688,2023,507446,163.37789914396615
1436,2210688,2024,17850,163.37789914396615
1437,2210689,2024,1358,21.14036040457985
1438,2210690,2023,560091,177.6753540619481
1439,2210690,2024,34306,177.6753540619481
1440,2210691,2023,62434,92.55292727751412
1441,2210691,2024,8112,92.55292727751412
1442,2210702,2023,126250,180.84550432088753
1443,2210703,2023,351465,340.5819043252077
1444,2210822,2024,97381,155.93959039622183
1445,2210823,2024,70366,120.35625327978329
1446,2210824,2024,154271,173.25010026668988
1447,2210825,2024,67918,120.57187543170144
1448,2210827,2023,76268,31.977171449850196
1449,2210827,2024,4189,31.977171449850196
1450,2210829,2023,72289,47.35366608083209
1451,2210830,2023,10485,32.95813401254138
1452,2210830,2024,3385,32.95813401254138
1453,2210832,2023,14834,48.04412397633373
1454,2210832,2024,7785,48.04412397633373
1455,2210833,2023,12282,28.95571329333973
1456,2210833,2024,4660,28.95571329333973
1457,2210834,2023,10177,32.53131882600014
1458,2210834,2024,3545,32.53131882600014
1459,2210836,2023,6229,23.198250651878055
1460,2210836,2024,1575,23.198250651878055
1461,2210840,2023,6650,16.837267286678184
1462,2210840,2024,2121,16.837267286678184
1463,2210842,2023,6371,16.052399646832857
1464,2210842,2024,1368,16.052399646832857
1465,2211420,2024,3156,249.09494356387668
1466,2211421,2024,26414,243.7258673345877
1467,2211453,2024,186,68.92532190711916
1468,2211454,2024,11538,66.24785133460264
1469,2211572,2024,29592,409.5000560441699
1470,2211650,2023,40850,89.75835261618901
1471,2211674,2024,40078,70.84953470386424
1472,2211675,2024,35200,58.882414672305664
1473,2211710,2024,46300,191.39541664779867
1474,2211711,2024,91950,128.51042551903961
1475,2211712,2024,39225,127.28054329054659
1476,2211713,2024,141240,99.46511336095055
1477,2211714,2024,53830,204.10354531839587
1478,2211715,2024,47250,0.0
1479,2211716,2024,57900,168.4726172834242
1480,2211724,2024,45510,247.28367049004024
1481,2211725,2024,15750,0.0
1482,2211726,2024,52225,32.868786756695826
1483,2211727,2024,23175,204.0492049539229
1484,2211728,2024,37110,213.3706330004835
1485,2211729,2024,20250,0.0
1486,2211730,2024,50250,0.0
1487,2211731,2024,22800,196.27949721160644
1488,2211751,2024,84450,99.8889185677349
1489,2211752,2024,33575,105.87897631178394
1490,2211775,2024,66990,0.0
1491,2211776,2024,69090,0.0
1492,2211813,2024,102450,59.139435054786205
1493,2212330,2024,121091,139.36410853398456
1494,2212331,2024,18924,96.31881510454956
1495,2212332,2024,14874,46.56422614380291
1496,2212333,2024,148587,152.616825684933
1497,2212334,2024,156509,195.46706837116338
1498,2212335,2024,14857,101.66218251274263
1499,2212336,2024,17883,69.81810904406217
1500,2212337,2024,30823,48.23661377778557
1501,2212342,2024,134319,192.5770395988956
1502,2212343,2024,15913,29.152234476276874
1503,2212344,2024,133474,164.14828168843673
1504,2212345,2024,8746,64.69151082755577
1505,2212346,2024,41589,45.62656474881426
1506,2212347,2024,306572,278.09486539663806
1507,2212348,2024,6658,50.72019575080734
1508,2212349,2024,82680,115.67493219914107
1509,2212350,2024,61061,62.675469579294614
1510,2212351,2024,11492,33.608700059104116
1511,2212352,2024,42653,55.63010730372772
1512,2212353,2024,28037,27.896672206202286
1513,2212354,2024,29437,227.79708359187205
1514,2212356,2024,15864,96.03765796253259
1515,2212358,2024,18949,146.93097200524676
1516,2212359,2024,380813,296.3279166387558
1517,2212361,2024,53752,124.29836336773998
1518,2212364,2024,22047,165.8774895418258
1519,2212365,2024,396208,324.8395969622105
1520,2212366,2024,102172,304.4452062175886
1521,2212368,2024,57754,119.32544546392774
1522,2212372,2024,29140,49.48271015260057
1523,2212373,2024,15274,70.76943077869213
1524,2212374,2024,52,14.445299120013633
1525,2212375,2024,16932,33.79691408213532
1526,2212460,2024,34911,228.6839346792016
1527,2212461,2024,21077,126.25345344259215
1528,2212463,2024,576551,307.5125200583038
1529,2212464,2024,129098,284.9070081177973
1530,2212465,2024,146569,252.07728537510312
1531,2212466,2024,179711,188.90916372171026
1532,2212470,2024,10695,68.41144360307372
1533,2212471,2024,12222,124.41693496135998
1534,2212473,2024,217479,205.812801565339
1535,2212474,2024,5353,115.9943160168707
1536,2212475,2024,112661,135.11414820869507
1537,2212479,2024,13718,21.53247265621078
1538,2212483,2024,12098,65.17071018371507
1539,2212484,2024,13241,53.359243213099056
1540,2212516,2023,53943,74.04328605942501
1541,2212518,2024,225799,77.22919249988978
1542,2212521,2024,139771,50.39958310198957
1543,2212571,2024,21510,150.72158454392266
1544,2212572,2024,72750,62.32275519643338
1545,2212573,2024,8700,264.3602913380972
1546,2212574,2024,9000,0.0
1547,2212666,2024,45223,72.33463507455994
1548,2212667,2024,97542,130.28246951437978
1549,2212668,2023,38454,72.57896913202434
1550,2212668,2024,103865,72.57896913202434
1551,2212669,2024,69044,48.514622265951274
1552,2212676,2024,80275,163.48803720689799
1553,2212679,2024,14155,30.21287900337447
1554,2212680,2024,80008,139.97587205859418
1555,2212753,2024,44400,309.90229952082643
1556,2212754,2024,44375,310.340885855056
1557,2212755,2024,43085,297.7350527166085
1558,2212756,2024,79920,223.75167066768972
1559,2212851,2024,29088,73.0393418019727
1560,2212949,2024,49916,115.7871062641812
1561,2213116,2024,38526,99.84098634865298
1562,2213117,2024,96716,186.95468738261224
1563,2213119,2024,55440,0.0
1564,2213120,2024,157140,0.0
1565,2213125,2024,182800,204.83157677166702
1566,2213182,2024,50400,0.0
1567,2213183,2024,6480,69.2820323027551
1568,2213184,2024,12320,0.0
1569,2213185,2024,109260,243.07786849671282
1570,2213186,2024,32655,170.86721721981672
1571,2213187,2024,228350,102.53810080159967
1572,2213188,2024,54175,236.637877165632
1573,2213189,2024,169650,84.28218663229157
1574,2213190,2024,34700,146.25425163888048
1575,2213191,2024,189750,46.68863485221143
1576,2213192,2024,125050,134.0694234252946
1577,2213263,2024,3150,0.0
1578,2213264,2024,3925,137.5
1579,2213267,2024,4950,183.71173070873837
1580,2213271,2024,15750,0.0
1581,2213272,2024,35250,0.0
1582,2213274,2024,15225,114.56439237389601
1583,2213275,2024,10500,0.0
1584,2214072,2024,91405,156.72860045988062
1585,2214275,2024,5925,141.7366773784602
1586,2214276,2024,4320,321.99378875996973
1587,2214277,2024,5670,256.3688748658854
1588,2214350,2024,4165,144.81999135791722
1589,2214823,2024,38120,124.98258636189249
1590,2214824,2024,93710,140.5833140467877
1591,2214825,2024,127736,204.08961248337704
1592,2214826,2024,59605,116.1232669550494
1593,2214827,2024,10785,30.749744109349752
1594,2214828,2024,217762,355.30578631465545
1595,2214829,2024,6489,15.098621500392719
1596,2214830,2024,6568,15.210542258918238
1597,2214836,2024,13022,47.17374479272653
1598,2214838,2024,11093,116.36524501728975
1599,2214839,2024,33000,0.0
1600,2214840,2024,13500,0.0
1601,2214845,2024,3423,56.55431191410988
1602,2214846,2024,31113,57.36978250256665
1603,2214849,2024,5609,167.0828171832412
1604,2214850,2024,1363,111.55378636669958
1605,2214851,2024,2304,53.17376203354034
1606,2214852,2024,1961,203.9701990616844
1607,2214853,2024,8761,236.66897259715785
1608,2214854,2024,100,4.312007258041966
1609,2214855,2024,27,14.849242404917497
1610,2214856,2024,8243,78.98829862431505
1611,2214857,2024,8774,41.706549377597426
1612,2214858,2024,1372,205.49447912871273
1613,2214859,2024,5771,148.190840331742
1614,2214860,2024,3279,84.70548695048934
1615,2214861,2024,60526,75.8914498295165
1616,2214862,2024,3760,69.87680356719015
1617,2214863,2024,8541,80.08127255797447
1618,2214864,2024,215293,182.7892981031777
1619,2214865,2024,32329,85.88708637292844
1620,2214866,2024,116255,195.2057592108123
1621,2214867,2024,4982,12.056067794498176
1622,2214868,2024,133731,160.51234422416556
1623,2214870,2024,35171,65.49210890908228
1624,2214871,2024,86799,163.79403214881637
1625,2214872,2024,3907,11.005647718944813
1626,2214884,2024,1687,7.453664889762208
1627,2214885,2024,13133,22.935526920289675
1628,2214886,2024,14667,32.156165096093204
1629,2214887,2024,8897,16.625849670526392
1630,2214888,2024,39791,72.46619013836461
1631,2214889,2024,10898,17.345170905909853
1632,2214890,2024,8662,16.563828672184247
1633,2214891,2024,6059,39.964730960816205
1634,2214892,2024,51370,104.1369345992303
1635,2214893,2024,19833,39.593841686806584
1636,2215073,2024,19663,57.418843672934955
1637,2215074,2024,3935,36.688795959488914
1638,2215396,2024,1706,15.229154182682251
1639,2215399,2024,2177,13.750658247549332
1640,2215819,2024,51750,0.0
1641,2215820,2024,96750,0.0
1642,2216615,2024,21807,58.980008790563375
1643,2216616,2024,29398,70.4330045347742
1644,2216617,2024,9166,33.79455308315251
1645,2216618,2024,16905,53.82876458162482
